"Item_Number","Title","End_Time","Price","Ruler","Year","Mint","YI_Num","Description","Obverse_Image","Reverse_Image","Obverse_Text","Reverse_Text","Obverse_URL","Reverse_URL"
"401188904724","SOL-Rum-Seljuqen-Kaykhusraw-III-Dirham-672-H-Kayseriye-DU692-","22. Sep. 2016 02:12:55 MESZ","EUR 33,00","","","","","","401188904724o.jpg","401188904724r.jpg","","","NzE1WDE0MDA=/z/SLkAAOSw8w1X2dXn","NzE1WDE0MDA=/z/SLkAAOSw8w1X2dXn"
"401181429365","SOL-Rum-Seljuqen-3-Br-Kaykaus-Qilij-Arslan-Kayqubad-Dirham-Konya-654-H-PM494-","12. Sep. 2016 02:14:34 MESZ","EUR 15,50","","","","","","401181429365o.jpg","401181429365r.jpg","","","NzkzWDE2MDA=/z/jSUAAOSwMgdXyXsK","NzkzWDE2MDA=/z/jSUAAOSwMgdXyXsK"
"401181429526","SOL-Rum-Seljuqen-3-Br-Kaykaus-Qilij-Arslan-Kayqubad-Dirham-Konya-656-H-PM501-","12. Sep. 2016 02:03:19 MESZ","EUR 18,59","","","","","","401181429526o.jpg","401181429526r.jpg","","","Nzk0WDE2MDA=/z/3fkAAOSwFdtXyXsT","Nzk0WDE2MDA=/z/3fkAAOSwFdtXyXsT"
"401181429223","SOL-Rum-Seljuqen-3-Br-Kaykaus-Qilij-Arslan-Kayqubad-Dirham-Konya-652-H-PM485-","12. Sep. 2016 01:57:21 MESZ","EUR 19,50","","","","","","401181429223o.jpg","401181429223r.jpg","","","NzgyWDE2MDA=/z/ts0AAOSwGtRXyXsC","NzgyWDE2MDA=/z/ts0AAOSwGtRXyXsC"
"401181429037","SOL-Rum-Seljuqen-3-Br-Kaykaus-Qilij-Arslan-Kayqubad-Dirham-Konya-650-H-PM483-","12. Sep. 2016 01:54:26 MESZ","EUR 14,50","","","","","","401181429037o.jpg","401181429037r.jpg","","","Nzk5WDE2MDA=/z/AHAAAOSw8oFXyXr6","Nzk5WDE2MDA=/z/AHAAAOSw8oFXyXr6"
"401181428956","SOL-Rum-Seljuqen-3-Br-Kaykaus-Qilij-Arslan-Kayqubad-Dirham-Konya-649-H-PM481-","12. Sep. 2016 01:51:10 MESZ","EUR 25,50","","","","","","401181428956o.jpg","401181428956r.jpg","","","Nzg2WDE2MDA=/z/3tsAAOSwgmJXyXrx","Nzg2WDE2MDA=/z/3tsAAOSwgmJXyXrx"
"391549217615","SOL-Rum-Seljuqen-Izz-ad-Din-Kaykaus-II-Dirham-Konya-646-H-Lot-2-PM449-","12. Sep. 2016 01:50:05 MESZ","EUR 47,20","","","","","","391549217615o.jpg","391549217615r.jpg","","","MTUxOFgxNjAw/z/IZQAAOSwFV9XyXrg","MTUxOFgxNjAw/z/IZQAAOSwFV9XyXrg"
"401181428797","SOL-Rum-Seljuqen-3-Br-Kaykaus-Qilij-Arslan-Kayqubad-Dirham-Konya-648-H-PM478-","12. Sep. 2016 01:48:28 MESZ","EUR 23,50","","","","","","401181428797o.jpg","401181428797r.jpg","","","Nzg4WDE2MDA=/z/3eQAAOSwgmJXyXrp","Nzg4WDE2MDA=/z/3eQAAOSwgmJXyXrp"
"401181094422","SOL-Rum-Seljuqen-Kayyubad-I-bin-Kaikhusraw-Dirham-Siwas-625-H-Izm-276-BA147-","09. Sep. 2016 00:21:38 MESZ","EUR 22,50","","","","","","401181094422o.jpg","401181094422r.jpg","","","ODA2WDE2MDA=/z/iZAAAOSw-kdXyKnu","ODA2WDE2MDA=/z/iZAAAOSw-kdXyKnu"
"401179825497","SOL-Rum-Seljuqen-Kaykhusraw-I-Kupfer-Fals-Reiter-Hennequin-1636-ff-RK771-","07. Sep. 2016 01:49:56 MESZ","EUR 5,50","","","","","","401179825497o.jpg","401179825497r.jpg","","","NTg0WDEyMzk=/z/QyQAAOSw-kdXxg4~","NTg0WDEyMzk=/z/QyQAAOSw-kdXxg4~"
"401179825466","SOL-Rum-Seljuqen-Kaykhusraw-III-Dirham-Siwas-DU683-","07. Sep. 2016 01:46:01 MESZ","EUR 22,50","","","","","","401179825466o.jpg","401179825466r.jpg","","","NjkwWDE0MjI=/z/r-IAAOSw5ClXxg45","NjkwWDE0MjI=/z/r-IAAOSw5ClXxg45"
"391546869601","SOL-Rum-Seljuqen-Kaykhusraw-III-Dirham-Sarus-DU681-","07. Sep. 2016 01:40:03 MESZ","EUR 22,50","","","","","","391546869601o.jpg","391546869601r.jpg","","","NzQ3WDE1NjU=/z/QZoAAOSw-kdXxg4r","NzQ3WDE1NjU=/z/QZoAAOSw-kdXxg4r"
"391546067781","SOL-Rum-Seljuqen-Masud-II-Dirham-684-H-Siwas-CB456-","05. Sep. 2016 23:00:10 MESZ","EUR 22,39","","","","","","391546067781o.jpg","391546067781r.jpg","","","NzQzWDE0NDI=/z/97YAAOSwOdpXxJ6p","NzQzWDE0NDI=/z/97YAAOSwOdpXxJ6p"
"391545506673","SOL-Rum-Seljuqen-Izz-ad-Din-Kaykaus-II-Dirham-Konya-646-H-Lot-2-PM452-","05. Sep. 2016 01:36:20 MESZ","EUR 32,50","","","","","","391545506673o.jpg","391545506673r.jpg","","","MTUzMlgxNjAw/z/55cAAOSw9IpXw2I6","MTUzMlgxNjAw/z/55cAAOSw9IpXw2I6"
"391545506614","SOL-Rum-Seljuqen-3-Br-Kaykaus-Qilij-Arslan-Kayqubad-Dirham-Konya-648-H-PM423-","05. Sep. 2016 01:33:54 MESZ","EUR 21,50","","","","","","391545506614o.jpg","391545506614r.jpg","","","Nzk4WDE2MDA=/z/U4MAAOSwFdtXw2Iw","Nzk4WDE2MDA=/z/U4MAAOSwFdtXw2Iw"
"391545506543","SOL-Rum-Seljuqen-3-Br-Kaykaus-Qilij-Arslan-Kayqubad-Dirham-Konya-650-H-PM426-","05. Sep. 2016 01:30:46 MESZ","EUR 21,05","","","","","","391545506543o.jpg","391545506543r.jpg","","","ODAwWDE2MDA=/z/wTgAAOSw5ClXw2Io","ODAwWDE2MDA=/z/wTgAAOSw5ClXw2Io"
"401178505567","SOL-Rum-Seljuqen-3-Br-Kaykaus-Qilij-Arslan-Kayqubad-Dirham-Konya-652-H-PM432-","05. Sep. 2016 01:27:08 MESZ","EUR 24,50","","","","","","401178505567o.jpg","401178505567r.jpg","","","Nzg3WDE2MDA=/z/6M8AAOSwFe5Xw2Ig","Nzg3WDE2MDA=/z/6M8AAOSwFe5Xw2Ig"
"391545506431","SOL-Rum-Seljuqen-3-Br-Kaykaus-Qilij-Arslan-Kayqubad-Dirham-Konya-654-H-PM440-","05. Sep. 2016 01:21:02 MESZ","EUR 21,50","","","","","","391545506431o.jpg","391545506431r.jpg","","","ODExWDE2MDA=/z/T~YAAOSwFdtXw2IP","ODExWDE2MDA=/z/T~YAAOSwFdtXw2IP"
"391545506387","SOL-Rum-Seljuqen-3-Br-Kaykaus-Qilij-Arslan-Kayqubad-Dirham-Konya-655-H-PM378-","05. Sep. 2016 01:18:04 MESZ","EUR 24,50","","","","","","391545506387o.jpg","391545506387r.jpg","","","Nzk0WDE2MDA=/z/TvoAAOSwFdtXw2II","Nzk0WDE2MDA=/z/TvoAAOSwFdtXw2II"
"391545506355","SOL-Rum-Seljuqen-3-Br-Kaykaus-Qilij-Arslan-Kayqubad-Dirham-Konya-656-H-PM443-","05. Sep. 2016 01:15:23 MESZ","EUR 21,05","","","","","","391545506355o.jpg","391545506355r.jpg","","","NzkyWDE2MDA=/z/SxUAAOSwxg5Xw2IB","NzkyWDE2MDA=/z/SxUAAOSwxg5Xw2IB"
"401178493162","SOL-Rum-Seljuqen-Kayyubad-I-bin-Kaykhusraw-Fals-al-Nasir-Izm-364-f-GA442-","05. Sep. 2016 00:48:19 MESZ","EUR 11,50","","","","","","401178493162o.jpg","401178493162r.jpg","","","NjUyWDEyOTA=/z/-wgAAOSwMgdXw1qk","NjUyWDEyOTA=/z/-wgAAOSwMgdXw1qk"
"401175880860","SOL-Rum-Seljuqen-Kayyubad-I-bin-Kaikhusraw-Dirham-Siwas-625-H-Izm-276-BA146-","30. Aug. 2016 23:46:09 MESZ","EUR 25,50","","","","","","401175880860o.jpg","401175880860r.jpg","","","NzkwWDE2MDA=/z/G0MAAOSwdzVXvKuY","NzkwWDE2MDA=/z/G0MAAOSwdzVXvKuY"
"401175880734","SOL-Rum-Seljuqen-Mugith-ed-Din-Tughril-AG-Dinar-613-Erzerum-RAR-BA215-","30. Aug. 2016 23:43:03 MESZ","EUR 46,46","","","","","","401175880734o.jpg","401175880734r.jpg","","","NzM1WDE0NDk=/z/nTYAAOSwU-pXvKuP","NzM1WDE0NDk=/z/nTYAAOSwU-pXvKuP"
"401174595569","SOL-Rum-Seljuqen-3-Br-Kaykaus-Qilij-Arslan-Kayqubad-Dirham-Konya-648-H-PM424-","28. Aug. 2016 23:41:58 MESZ","EUR 24,50","","","","","","401174595569o.jpg","401174595569r.jpg","","","Nzc0WDE2MDA=/z/XVQAAOSwgZ1Xugan","Nzc0WDE2MDA=/z/XVQAAOSwgZ1Xugan"
"401174595422","SOL-Rum-Seljuqen-3-Br-Kaykaus-Qilij-Arslan-Kayqubad-Dirham-Konya-650-H-PM425-","28. Aug. 2016 23:38:27 MESZ","EUR 23,00","","","","","","401174595422o.jpg","401174595422r.jpg","","","NzkyWDE2MDA=/z/UX4AAOSw65FXugad","NzkyWDE2MDA=/z/UX4AAOSw65FXugad"
"401174595388","SOL-Rum-Seljuqen-3-Br-Kaykaus-Qilij-Arslan-Kayqubad-Dirham-Konya-652-H-PM431-","28. Aug. 2016 23:35:51 MESZ","EUR 34,00","","","","","","401174595388o.jpg","401174595388r.jpg","","","ODA4WDE2MDA=/z/aO8AAOSwMtxXugaU","ODA4WDE2MDA=/z/aO8AAOSwMtxXugaU"
"401174595342","SOL-Rum-Seljuqen-3-Br-Kaykaus-Qilij-Arslan-Kayqubad-Dirham-Konya-653-H-PM435-","28. Aug. 2016 23:32:29 MESZ","EUR 29,00","","","","","","401174595342o.jpg","401174595342r.jpg","","","Nzk0WDE2MDA=/z/b7cAAOSw6n5XugaK","Nzk0WDE2MDA=/z/b7cAAOSw6n5XugaK"
"401174595276","SOL-Rum-Seljuqen-3-Br-Kaykaus-Qilij-Arslan-Kayqubad-Dirham-Konya-654-H-PM439-","28. Aug. 2016 23:29:07 MESZ","EUR 25,50","","","","","","401174595276o.jpg","401174595276r.jpg","","","ODAzWDE2MDA=/z/cE4AAOSwawpXugaA","ODAzWDE2MDA=/z/cE4AAOSwawpXugaA"
"391539321053","SOL-Rum-Seljuqen-3-Br-Kaykaus-Qilij-Arslan-Kayqubad-Dirham-Konya-656-H-PM445-","28. Aug. 2016 23:26:35 MESZ","EUR 23,52","","","","","","391539321053o.jpg","391539321053r.jpg","","","Nzk4WDE2MDA=/z/bIsAAOSw6n5XugZ4","Nzk4WDE2MDA=/z/bIsAAOSw6n5XugZ4"
"401174595208","SOL-Rum-Seljuqen-3-Br-Kaykaus-Qilij-Arslan-Kayqubad-Dirham-Siwas-649-H-PM448-","28. Aug. 2016 23:23:26 MESZ","EUR 34,00","","","","","","401174595208o.jpg","401174595208r.jpg","","","Nzg5WDE2MDA=/z/IKEAAOSwZVlXugZt","Nzg5WDE2MDA=/z/IKEAAOSwZVlXugZt"
"391538582195","SOL-Rum-Seljuqen-Izz-ad-Din-Kaykaus-II-Dirham-Konya-646-H-Lot-2-PM450-","27. Aug. 2016 22:40:27 MESZ","EUR 40,00","","","","","","391538582195o.jpg","391538582195r.jpg","","","MTU0MVgxNjAw/z/klUAAOSwZVlXuMA4","MTU0MVgxNjAw/z/klUAAOSwZVlXuMA4"
"401172062980","SOL-Rum-Seljuqen-Kayyubad-I-bin-Kaikhusraw-Dirh-Siwas-624-5-H-Izm-342-BA176-","23. Aug. 2016 23:49:29 MESZ","EUR 56,67","","","","","","401172062980o.jpg","401172062980r.jpg","","","NzAyWDEzODU=/z/EJUAAOSw65FXs3oY","NzAyWDEzODU=/z/EJUAAOSw65FXs3oY"
"391534809852","SOL-Rum-Seljuqen-Kayyubad-I-bin-Kaikhusraw-Dirham-Siwas-621-H-BA159-","23. Aug. 2016 23:46:02 MESZ","EUR 33,50","","","","","","391534809852o.jpg","391534809852r.jpg","","","NzM4WDE0Mzg=/z/KNEAAOSwHoFXs3oR","NzM4WDE0Mzg=/z/KNEAAOSwHoFXs3oR"
"401172062914","SOL-Rum-Seljuqen-Mugith-ed-Din-Tughril-AG-Dinar-608-Erzerum-RAR-BA134-","23. Aug. 2016 23:43:26 MESZ","EUR 35,50","","","","","","401172062914o.jpg","401172062914r.jpg","","","ODAyWDE2MDA=/z/CZMAAOSwgZ1Xs3oI","ODAyWDE2MDA=/z/CZMAAOSwgZ1Xs3oI"
"391534809708","SOL-Rum-Seljuqen-Mugith-ed-Din-Tughril-AG-Dinar-613-Erzerum-RAR-BA139-","23. Aug. 2016 23:40:05 MESZ","EUR 55,55","","","","","","391534809708o.jpg","391534809708r.jpg","","","NzkyWDE2MDA=/z/ZIwAAOSw9NdXs3n-","NzkyWDE2MDA=/z/ZIwAAOSw9NdXs3n-"
"401169852720","SOL-Rum-Seljuqen-3-Br-Kaykaus-Qilij-Arslan-Kayqubad-Dirham-Siwas-649-H-PM447-","19. Aug. 2016 23:44:28 MESZ","EUR 39,50","","","","","","401169852720o.jpg","401169852720r.jpg","","","Nzk5WDE2MDA=/z/znkAAOSwIgNXri8x","Nzk5WDE2MDA=/z/znkAAOSwIgNXri8x"
"401169852568","SOL-Rum-Seljuqen-3-Br-Kaykaus-Qilij-Arslan-Kayqubad-Dirham-Konya-656-H-PM446-","19. Aug. 2016 23:41:05 MESZ","EUR 29,50","","","","","","401169852568o.jpg","401169852568r.jpg","","","NzkxWDE2MDA=/z/36kAAOSwZVlXri8o","NzkxWDE2MDA=/z/36kAAOSwZVlXri8o"
"391531462241","SOL-Rum-Seljuqen-3-Br-Kaykaus-Qilij-Arslan-Kayqubad-Dirham-Konya-654-H-PM437-","19. Aug. 2016 23:38:49 MESZ","EUR 26,50","","","","","","391531462241o.jpg","391531462241r.jpg","","","NzgzWDE2MDA=/z/3gUAAOSwaB5Xri8f","NzgzWDE2MDA=/z/3gUAAOSwaB5Xri8f"
"391531462096","SOL-Rum-Seljuqen-3-Br-Kaykaus-Qilij-Arslan-Kayqubad-Dirham-Konya-653-H-PM433-","19. Aug. 2016 23:35:16 MESZ","EUR 36,50","","","","","","391531462096o.jpg","391531462096r.jpg","","","Nzk1WDE2MDA=/z/3FkAAOSwaB5Xri8T","Nzk1WDE2MDA=/z/3FkAAOSwaB5Xri8T"
"401169852381","SOL-Rum-Seljuqen-3-Br-Kaykaus-Qilij-Arslan-Kayqubad-Dirham-Konya-652-H-PM429-","19. Aug. 2016 23:32:50 MESZ","EUR 38,50","","","","","","401169852381o.jpg","401169852381r.jpg","","","Nzg0WDE2MDA=/z/vgwAAOSwU-pXri8J","Nzg0WDE2MDA=/z/vgwAAOSwU-pXri8J"
"401169852178","SOL-Rum-Seljuqen-3-Br-Kaykaus-Qilij-Arslan-Kayqubad-Dirham-Konya-648-H-PM422-","19. Aug. 2016 23:26:36 MESZ","EUR 32,50","","","","","","401169852178o.jpg","401169852178r.jpg","","","ODA0WDE2MDA=/z/R1oAAOSwHoFXri74","ODA0WDE2MDA=/z/R1oAAOSwHoFXri74"
"401169852116","SOL-Rum-Seljuqen-Izz-ad-Din-Kaykaus-II-Dirham-Konya-646-H-Lot-2-PM451-","19. Aug. 2016 23:23:44 MESZ","EUR 59,00","","","","","","401169852116o.jpg","401169852116r.jpg","","","MTU5MVgxNjAw/z/wYcAAOSw9NdXri7v","MTU5MVgxNjAw/z/wYcAAOSw9NdXri7v"
"391516827051","SOL-Rum-Seljuqen-Kayyubad-I-bin-Kaikhusraw-Dirham-Siwas-629-H-BA172-","19. Aug. 2016 22:09:03 MESZ","EUR 26,00","","","","","","391516827051o.jpg","391516827051r.jpg","","","NzA3WDE0MTI=/z/v4kAAOSwRgJXl5Qg","NzA3WDE0MTI=/z/v4kAAOSwRgJXl5Qg"
"401167971473","SOL-Rum-Seljuqen-Kayyubad-I-Fals-617-H-Bilveran-Izmirlier-349-RK632-","17. Aug. 2016 22:33:21 MESZ","EUR 25,15","","","","","","401167971473o.jpg","401167971473r.jpg","","","NjUxWDEzMTk=/z/aJ4AAOSw65FXqe4c","NjUxWDEzMTk=/z/aJ4AAOSw65FXqe4c"
"391516807993","SOL-Rum-Seljuqen-Kayyubad-I-bin-Kaikhusraw-Dirham-Siwas-Siwas-ohne-Jahr-BA174-","17. Aug. 2016 22:19:10 MESZ","EUR 28,50","","","","","","391516807993o.jpg","391516807993r.jpg","","","NzM0WDE0MjA=/z/guMAAOSwqfNXl5CI","NzM0WDE0MjA=/z/guMAAOSwqfNXl5CI"
"391516807890","SOL-Rum-Seljuqen-Kayyubad-I-bin-Kaikhusraw-Dirham-Siwas-629-H-Izm-292-BA173-","17. Aug. 2016 22:10:01 MESZ","EUR 55,55","","","","","","391516807890o.jpg","391516807890r.jpg","","","Njg4WDEzNjM=/z/u~oAAOSwENxXl5CA","Njg4WDEzNjM=/z/u~oAAOSwENxXl5CA"
"391528504308","SOL-Rum-Seljuqen-Mugith-ed-Din-Tughril-AG-Dinar-613-Erzerum-RAR-BA137-","16. Aug. 2016 22:51:42 MESZ","EUR 52,89","","","","","","391528504308o.jpg","391528504308r.jpg","","","Nzg5WDE2MDA=/z/qCkAAOSwMtxXqdxs","Nzg5WDE2MDA=/z/qCkAAOSwMtxXqdxs"
"401167938453","SOL-Rum-Seljuqen-3-Br-Kaykaus-Qilij-A-Kayqubad-Dirham-Konya-Siwas-Lot-2-PM453-","16. Aug. 2016 22:45:45 MESZ","EUR 36,50","","","","","","401167938453o.jpg","401167938453r.jpg","","","MTMwMFgxMzUy/z/7UAAAOSwZVlXqdxZ","MTMwMFgxMzUy/z/7UAAAOSwZVlXqdxZ"
"391526336818","SOL-Rum-Seljuqen-Kaykhusraw-I-Kupfer-Fals-Konya-Reiter-mit-Schwert-Izm-PF8-","14. Aug. 2016 23:12:24 MESZ","EUR 32,50","","","","","","391526336818o.jpg","391526336818r.jpg","","","NzY3WDE2MDA=/z/Oh8AAOSwIgNXpmD8","NzY3WDE2MDA=/z/Oh8AAOSwIgNXpmD8"
"391525238427","SOL-Rum-Seljuqen-3-Br-Kaykaus-Qilij-Arslan-Kayqubad-Dirham-Siwas-649-H-PM388-","12. Aug. 2016 23:15:04 MESZ","EUR 23,50","","","","","","391525238427o.jpg","391525238427r.jpg","","","ODIzWDE2MDA=/z/HMoAAOSwbsBXpHWB","ODIzWDE2MDA=/z/HMoAAOSwbsBXpHWB"
"401165730679","SOL-Rum-Seljuqen-3-Br-Kaykaus-Qilij-Arslan-Kayqubad-Dirham-Konya-656-H-PM384-","12. Aug. 2016 23:12:27 MESZ","EUR 33,00","","","","","","401165730679o.jpg","401165730679r.jpg","","","NzcyWDE2MDA=/z/yEoAAOSwdzVXpHV4","NzcyWDE2MDA=/z/yEoAAOSwdzVXpHV4"
"391525238290","SOL-Rum-Seljuqen-3-Br-Kaykaus-Qilij-Arslan-Kayqubad-Dirham-Konya-655-H-PM378-","12. Aug. 2016 23:09:24 MESZ","EUR 24,00","","","","","","391525238290o.jpg","391525238290r.jpg","","","Nzk0WDE2MDA=/z/kNMAAOSwCfdXpHVw","Nzk0WDE2MDA=/z/kNMAAOSwCfdXpHVw"
"391525238236","SOL-Rum-Seljuqen-3-Br-Kaykaus-Qilij-Arslan-Kayqubad-Dirham-Konya-654-H-PM320-","12. Aug. 2016 23:06:06 MESZ","EUR 23,50","","","","","","391525238236o.jpg","391525238236r.jpg","","","Nzk4WDE2MDA=/z/WpIAAOSwimdXpHVn","Nzk4WDE2MDA=/z/WpIAAOSwimdXpHVn"
"401165730529","SOL-Rum-Seljuqen-3-Br-Kaykaus-Qilij-Arslan-Kayqubad-Dirham-Konya-652-H-PM318-","12. Aug. 2016 23:03:31 MESZ","EUR 22,22","","","","","","401165730529o.jpg","401165730529r.jpg","","","ODIwWDE2MDA=/z/WR0AAOSwimdXpHVd","ODIwWDE2MDA=/z/WR0AAOSwimdXpHVd"
"401165467264","SOL-Rum-Seljuqen-Kaykhusraw-II-Dirham-639-H-Siwas-Loewe-Sonne-PM420-","12. Aug. 2016 03:09:54 MESZ","EUR 60,00","","","","","","401165467264o.jpg","401165467264r.jpg","","","NTYzWDEwOTI=/z/fD0AAOSwimdXo9Cl","NTYzWDEwOTI=/z/fD0AAOSwimdXo9Cl"
"391524926900","SOL-Rum-Seljuqen-Izz-ad-din-Kaykaus-I-607-616-H-Fals-Izm-185-ff-GA427-","12. Aug. 2016 03:06:55 MESZ","EUR 12,12","","","","","","391524926900o.jpg","391524926900r.jpg","","","ODA4WDE2MDA=/z/RmsAAOSwARZXo9Cf","ODA4WDE2MDA=/z/RmsAAOSwARZXo9Cf"
"401164938316","SOL-Rum-Seljuqen-3-Br-Kaykaus-Qilij-Arslan-Kayqubad-Dirham-Konya-648-H-GA422-","11. Aug. 2016 01:03:07 MESZ","EUR 23,38","","","","","","401164938316o.jpg","401164938316r.jpg","","","Nzc2WDE2MDA=/z/vYIAAOSwhOdXomIV","Nzc2WDE2MDA=/z/vYIAAOSwhOdXomIV"
"401164938287","SOL-Rum-Seljuqen-Izz-ad-Din-Kaykaus-II-Dirham-Konya-646-H-Izm-522-GA421-","11. Aug. 2016 01:00:34 MESZ","EUR 35,05","","","","","","401164938287o.jpg","401164938287r.jpg","","","ODAzWDE2MDA=/z/NIUAAOSwA3tXomIN","ODAzWDE2MDA=/z/NIUAAOSwA3tXomIN"
"401160510653","SOL-Rum-Seljuqen-Mugith-ed-Din-Tughril-AG-Dinar-608-Erzerum-RAR-BA133-","09. Aug. 2016 22:12:25 MESZ","EUR 52,75","","","","","","401160510653o.jpg","401160510653r.jpg","","","ODAxWDE2MDA=/z/DWQAAOSwENxXl5kh","ODAxWDE2MDA=/z/DWQAAOSwENxXl5kh"
"401160367346","SOL-Rum-Seljuqen-Kayyubad-I-bin-Kaikhusraw-Dirham-Siwas-o-J-Izm-334-H-BA175-","09. Aug. 2016 22:09:41 MESZ","EUR 56,75","","","","","","401160367346o.jpg","401160367346r.jpg","","","NzIyWDE0MjE=/z/yFUAAOSw0fhXl0dR","NzIyWDE0MjE=/z/yFUAAOSw0fhXl0dR"
"391516597521","SOL-Rum-Seljuqen-Kayyubad-I-bin-Kaikhusraw-Dirham-Konya-618-H-Izm-229-BA163-","09. Aug. 2016 22:07:28 MESZ","EUR 56,75","","","","","","391516597521o.jpg","391516597521r.jpg","","","NzAwWDEzNjI=/z/Y5gAAOSw0RpXl0cl","NzAwWDEzNjI=/z/Y5gAAOSw0RpXl0cl"
"391516597586","SOL-Rum-Seljuqen-Kayyubad-I-bin-Kaikhusraw-Dirham-Konya-620-H-Izm-BA164-","09. Aug. 2016 22:03:06 MESZ","EUR 62,75","","","","","","391516597586o.jpg","391516597586r.jpg","","","NzE0WDE0MTI=/z/7wAAAOSwSv1Xl0cv","NzE0WDE0MTI=/z/7wAAAOSwSv1Xl0cv"
"391516597684","SOL-Rum-Seljuqen-Kayyubad-I-bin-Kaikhusraw-Dirham-Siwas-623-H-BA165-","09. Aug. 2016 22:00:24 MESZ","EUR 28,17","","","","","","391516597684o.jpg","391516597684r.jpg","","","Njg3WDEzNjU=/z/wJYAAOSwbsBXl0c8","Njg3WDEzNjU=/z/wJYAAOSwbsBXl0c8"
"391521825676","SOL-Rum-Seljuqen-688-H-Ghias-ed-din-Masud-II-Dirham-688-H-Sarukavak-FG92-","08. Aug. 2016 23:15:48 MESZ","EUR 73,57","","","","","","391521825676o.jpg","391521825676r.jpg","","","Njc3WDEzMjk=/z/-xUAAOSwaB5Xn5gD","Njc3WDEzMjk=/z/-xUAAOSwaB5Xn5gD"
"391521825576","SOL-Rum-Seljuqen-Izz-ad-din-Kaykaus-I-607-616-H-Fals-Izm-185-ff-FG88-","08. Aug. 2016 23:12:20 MESZ","EUR 21,50","","","","","","391521825576o.jpg","391521825576r.jpg","","","OTAzWDE1MjI=/z/W4IAAOSwnQhXn5f7","OTAzWDE1MjI=/z/W4IAAOSwnQhXn5f7"
"391518660706","SOL-Rum-Seljuqen-Kaykhusraw-I-Kupfer-Fals-Reiter-Hennequin-1666-ff-GA410-","05. Aug. 2016 23:09:18 MESZ","EUR 30,50","","","","","","391518660706o.jpg","391518660706r.jpg","","","NzI0WDE2MDA=/z/PSUAAOSwXrhXmi70","NzI0WDE2MDA=/z/PSUAAOSwXrhXmi70"
"391518660263","SOL-Rum-Seljuqen-3-Br-Kaykaus-Qilij-Arslan-Kayqubad-Dirham-Siwas-654-H-PM399-","05. Aug. 2016 23:06:03 MESZ","EUR 25,01","","","","","","391518660263o.jpg","391518660263r.jpg","","","Nzg1WDE2MDA=/z/N5IAAOSw0fhXmi7s","Nzg1WDE2MDA=/z/N5IAAOSw0fhXmi7s"
"401161524676","SOL-Rum-Seljuqen-3-Br-Kaykaus-Qilij-Arslan-Kayqubad-Dirham-Siwas-650-H-PM393-","05. Aug. 2016 23:03:00 MESZ","EUR 19,39","","","","","","401161524676o.jpg","401161524676r.jpg","","","ODE5WDE2MDA=/z/QFIAAOSwIgNXmi7i","ODE5WDE2MDA=/z/QFIAAOSwIgNXmi7i"
"391518658839","SOL-Rum-Seljuqen-3-Br-Kaykaus-Qilij-Arslan-Kayqubad-Dirham-Konya-657-H-PM387-","05. Aug. 2016 23:00:30 MESZ","EUR 18,50","","","","","","391518658839o.jpg","391518658839r.jpg","","","ODAyWDE2MDA=/z/CI0AAOSwqfNXmi7Z","ODAyWDE2MDA=/z/CI0AAOSwqfNXmi7Z"
"401161518393","SOL-Rum-Seljuqen-Qilij-Arslan-II-Fals-Reiter-GA409-","04. Aug. 2016 23:45:04 MESZ","EUR 1,50","","","","","","401161518393o.jpg","401161518393r.jpg","","","ODEzWDE2MDA=/z/kSoAAOSwARZXmiwB","ODEzWDE2MDA=/z/kSoAAOSwARZXmiwB"
"391518644240","SOL-Rum-Seljuqen-Kaykhusraw-III-Dirham-663-H-Madinat-Konya-GA411-","04. Aug. 2016 23:42:48 MESZ","EUR 27,95","","","","","","391518644240o.jpg","391518644240r.jpg","","","NzcxWDE2MDA=/z/mREAAOSwqfNXmiv5","NzcxWDE2MDA=/z/mREAAOSwqfNXmiv5"
"401161518271","SOL-Rum-Seljuqen-Kaykhusraw-II-Dirham-639-H-Qunya-Loewe-Sonne-GA408-","04. Aug. 2016 23:39:54 MESZ","EUR 63,57","","","","","","401161518271o.jpg","401161518271r.jpg","","","NzkzWDE2MDA=/z/UxgAAOSwTZ1Xmivw","NzkzWDE2MDA=/z/UxgAAOSwTZ1Xmivw"
"391518643575","SOL-Rum-Seljuqen-3-Br-Kaykaus-Qilij-Arslan-Kayqubad-Dirham-Siwas-649-H-PM390-","04. Aug. 2016 23:27:51 MESZ","EUR 29,40","","","","","","391518643575o.jpg","391518643575r.jpg","","","ODE4WDE2MDA=/z/vwcAAOSw-YVXmiu~","ODE4WDE2MDA=/z/vwcAAOSw-YVXmiu~"
"391518641867","SOL-Rum-Seljuqen-3-Br-Kaykaus-Qilij-Arslan-Kayqubad-Dirham-Konya-656-H-PM383-","04. Aug. 2016 23:21:03 MESZ","EUR 17,85","","","","","","391518641867o.jpg","391518641867r.jpg","","","NzkzWDE2MDA=/z/uJwAAOSwaB5Xmiug","NzkzWDE2MDA=/z/uJwAAOSwaB5Xmiug"
"391518641177","SOL-Rum-Seljuqen-3-Br-Kaykaus-Qilij-Arslan-Kayqubad-Dirham-Konya-655-H-PM379-","04. Aug. 2016 23:18:19 MESZ","EUR 17,95","","","","","","391518641177o.jpg","391518641177r.jpg","","","ODA0WDE2MDA=/z/hqcAAOSwqfNXmiuO","ODA0WDE2MDA=/z/hqcAAOSwqfNXmiuO"
"401161517649","SOL-Rum-Seljuqen-3-Br-Kaykaus-Qilij-Arslan-Kayqubad-Dirham-Konya-651-H-PM396-","04. Aug. 2016 23:15:52 MESZ","EUR 19,00","","","","","","401161517649o.jpg","401161517649r.jpg","","","ODAzWDE2MDA=/z/y~wAAOSwIgNXmiuE","ODAzWDE2MDA=/z/y~wAAOSwIgNXmiuE"
"401161517603","SOL-Rum-Seljuqen-Izz-ad-Din-Kaykaus-II-Dirham-Konya-644-H-GA413-","04. Aug. 2016 23:12:01 MESZ","EUR 47,25","","","","","","401161517603o.jpg","401161517603r.jpg","","","NzgwWDE2MDA=/z/yuUAAOSwIgNXmit7","NzgwWDE2MDA=/z/yuUAAOSwIgNXmit7"
"401161027917","SOL-Rum-Seljuqen-3-Br-Kaykaus-Qilij-Arslan-Kayqubad-Dirham-Konya-653-H-PM370-","04. Aug. 2016 00:21:19 MESZ","EUR 24,24","","","","","","401161027917o.jpg","401161027917r.jpg","","","Nzk5WDE2MDA=/z/aUQAAOSwbsBXmOgJ","Nzk5WDE2MDA=/z/aUQAAOSwbsBXmOgJ"
"391517777553","SOL-Rum-Seljuqen-3-Br-Kaykaus-Qilij-Arslan-Kayqubad-Dirham-Konya-652-H-PM366-","04. Aug. 2016 00:18:10 MESZ","EUR 23,23","","","","","","391517777553o.jpg","391517777553r.jpg","","","Nzk4WDE2MDA=/z/3DIAAOSwtnpXmOgA","Nzk4WDE2MDA=/z/3DIAAOSwtnpXmOgA"
"391517777505","SOL-Rum-Seljuqen-3-Br-Kaykaus-Qilij-Arslan-Kayqubad-Dirham-Konya-650-H-PM362-","04. Aug. 2016 00:15:38 MESZ","EUR 23,50","","","","","","391517777505o.jpg","391517777505r.jpg","","","Nzk3WDE2MDA=/z/YqYAAOSwRgJXmOf3","Nzk3WDE2MDA=/z/YqYAAOSwRgJXmOf3"
"401161027672","SOL-Rum-Seljuqen-3-Br-Kaykaus-Qilij-Arslan-Kayqubad-Dirham-Konya-649-H-PM358-","04. Aug. 2016 00:12:04 MESZ","EUR 22,50","","","","","","401161027672o.jpg","401161027672r.jpg","","","NzkwWDE2MDA=/z/srcAAOSwARZXmOft","NzkwWDE2MDA=/z/srcAAOSwARZXmOft"
"401161027618","SOL-Rum-Seljuqen-3-Br-Kaykaus-Qilij-Arslan-Kayqubad-Dirham-Konya-648-H-PM354-","04. Aug. 2016 00:09:25 MESZ","EUR 23,50","","","","","","401161027618o.jpg","401161027618r.jpg","","","Nzk1WDE2MDA=/z/OqIAAOSw-YVXmOfk","Nzk1WDE2MDA=/z/OqIAAOSw-YVXmOfk"
"391517777280","SOL-Rum-Seljuqen-Izz-ad-Din-Kaykaus-II-Dirham-Konya-646-H-Lot-2-PM351-","04. Aug. 2016 00:06:18 MESZ","EUR 40,50","","","","","","391517777280o.jpg","391517777280r.jpg","","","MTU1OFgxNjAw/z/YfMAAOSwZVlXmOfa","MTU1OFgxNjAw/z/YfMAAOSwZVlXmOfa"
"401160367306","SOL-Rum-Seljuqen-Kayyubad-I-bin-Kaikhusraw-Dirham-Siwas-623-H-BA160-","02. Aug. 2016 22:39:04 MESZ","EUR 20,50","","","","","","401160367306o.jpg","401160367306r.jpg","","","NzI0WDE0MTA=/z/wtwAAOSwTZ1Xl0dJ","NzI0WDE0MTA=/z/wtwAAOSwTZ1Xl0dJ"
"391516597736","SOL-Rum-Seljuqen-Kayyubad-I-bin-Kaikhusraw-Dirham-Siwas-621-H-BA159-","02. Aug. 2016 22:36:46 MESZ","EUR 18,50","","","","","","391516597736o.jpg","391516597736r.jpg","","","NzM4WDE0Mzg=/z/W4EAAOSwtnpXl0dC","NzM4WDE0Mzg=/z/W4EAAOSwtnpXl0dC"
"401160367194","SOL-Rum-Seljuqen-Kayyubad-I-bin-Kaikhusraw-Dirham-Siwas-622-H-BA161-","02. Aug. 2016 22:30:49 MESZ","EUR 33,00","","","","","","401160367194o.jpg","401160367194r.jpg","","","NzAyWDEzNjI=/z/v30AAOSwbsBXl0c2","NzAyWDEzNjI=/z/v30AAOSwbsBXl0c2"
"401160367050","SOL-Rum-Seljuqen-Kayyubad-I-bin-Kaikhusraw-Dirham-Dunaysir-626-H-BA170-","02. Aug. 2016 22:18:01 MESZ","EUR 30,50","","","","","","401160367050o.jpg","401160367050r.jpg","","","NzA4WDE0MTQ=/z/YYkAAOSw0RpXl0cX","NzA4WDE0MTQ=/z/YYkAAOSw0RpXl0cX"
"401159823806","SOL-Rum-Seljuqen-Kayyubad-I-bin-Kaikhusraw-Dirham-Siwas-620-H-BA158-","01. Aug. 2016 22:27:35 MESZ","EUR 28,50","","","","","","401159823806o.jpg","401159823806r.jpg","","","Njk0WDE0MTE=/z/TGIAAOSw0RpXlizj","Njk0WDE0MTE=/z/TGIAAOSw0RpXlizj"
"391515861785","SOL-Rum-Seljuqen-Kayyubad-I-bin-Kaikhusraw-Dirham-Siwas-618-H-BA-157-","01. Aug. 2016 22:24:27 MESZ","EUR 25,50","","","","","","391515861785o.jpg","391515861785r.jpg","","","Njg3WDEzNjc=/z/3UgAAOSwtnpXlizZ","Njg3WDEzNjc=/z/3UgAAOSwtnpXlizZ"
"401159823416","SOL-Rum-Seljuqen-Kayyubad-I-bin-Kaikhusraw-Dirham-Siwas-617-H-BA-156-","01. Aug. 2016 22:21:21 MESZ","EUR 33,50","","","","","","401159823416o.jpg","401159823416r.jpg","","","Njk3WDEzOTI=/z/EVQAAOSwbsBXlizT","Njk3WDEzOTI=/z/EVQAAOSwbsBXlizT"
"391515861548","SOL-Rum-Seljuqen-Kayyubad-I-bin-Kaikhusraw-Dirham-Siwas-625-H-Izm-276-BA148-","01. Aug. 2016 22:18:29 MESZ","EUR 20,50","","","","","","391515861548o.jpg","391515861548r.jpg","","","NzkyWDE2MDA=/z/2qgAAOSwtnpXlizI","NzkyWDE2MDA=/z/2qgAAOSwtnpXlizI"
"391515862874","SOL-Rum-Seljuqen-Kayyubad-I-bin-Kaikhusraw-Dirh-Siwas-624-5-H-Izm-342-BA176-","01. Aug. 2016 22:15:30 MESZ","EUR 28,00","","","","","","391515862874o.jpg","391515862874r.jpg","","","NzAyWDEzODU=/z/kZkAAOSwENxXli1X","NzAyWDEzODU=/z/kZkAAOSwENxXli1X"
"401159780076","SOL-Rum-Seljuqen-Mugith-ed-Din-Tughril-AG-Dinar-613-Erzerum-RAR-BA140-","01. Aug. 2016 22:12:55 MESZ","EUR 66,00","","","","","","401159780076o.jpg","401159780076r.jpg","","","NzcyWDE2MDA=/z/pVwAAOSwdzVXlhMv","NzcyWDE2MDA=/z/pVwAAOSwdzVXlhMv"
"391515763616","SOL-Rum-Seljuqen-Mugith-ed-Din-Tughril-AG-Dinar-608-Erzerum-RAR-BA135-","01. Aug. 2016 22:09:03 MESZ","EUR 45,50","","","","","","391515763616o.jpg","391515763616r.jpg","","","ODEyWDE2MDA=/z/JtwAAOSwTZ1XlhJ8","ODEyWDE2MDA=/z/JtwAAOSwTZ1XlhJ8"
"391513516236","SOL-Rum-Seljuqen-Sulayman-II-AE-Fals-Reiter-PF9-","29. Jul. 2016 23:45:41 MESZ","EUR 16,50","","","","","","391513516236o.jpg","391513516236r.jpg","","","ODE3WDE2MDA=/z/nGkAAOSwARZXkhB9","ODE3WDE2MDA=/z/nGkAAOSwARZXkhB9"
"401157653516","SOL-Rum-Seljuqen-Kaykhusraw-III-Dirham-673-H-Siwas-DU651-","29. Jul. 2016 00:09:07 MESZ","EUR 15,00","","","","","","401157653516o.jpg","401157653516r.jpg","","","ODU0WDE2MDA=/z/-rgAAOSwZVlXkLkQ","ODU0WDE2MDA=/z/-rgAAOSwZVlXkLkQ"
"391512649144","SOL-Rum-Seljuqen-3-Br-Kaykaus-Qilij-Arslan-Kayqubad-Dirham-Siwas-649-H-DU647-","29. Jul. 2016 00:06:57 MESZ","EUR 18,50","","","","","","391512649144o.jpg","391512649144r.jpg","","","ODE5WDE2MDA=/z/0nIAAOSwsTxXkLkH","ODE5WDE2MDA=/z/0nIAAOSwsTxXkLkH"
"401157199713","SOL-Rum-Seljuqen-3-Br-Kaykaus-Qilij-Arslan-Kayqubad-Dirham-Konya-654-H-PM376-","28. Jul. 2016 00:11:16 MESZ","EUR 22,39","","","","","","401157199713o.jpg","401157199713r.jpg","","","Nzc0WDE2MDA=/z/sZMAAOSwdzVXj5Q5","Nzc0WDE2MDA=/z/sZMAAOSwdzVXj5Q5"
"401157199657","SOL-Rum-Seljuqen-3-Br-Kaykaus-Qilij-Arslan-Kayqubad-Dirham-Konya-653-H-PM372-","28. Jul. 2016 00:08:27 MESZ","EUR 20,39","","","","","","401157199657o.jpg","401157199657r.jpg","","","ODAzWDE2MDA=/z/bSAAAOSwRgJXj5Qw","ODAzWDE2MDA=/z/bSAAAOSwRgJXj5Qw"
"401157199550","SOL-Rum-Seljuqen-3-Br-Kaykaus-Qilij-Arslan-Kayqubad-Dirham-Konya-652-H-PM367-","28. Jul. 2016 00:05:49 MESZ","EUR 18,89","","","","","","401157199550o.jpg","401157199550r.jpg","","","ODMxWDE2MDA=/z/rEAAAOSwqfNXj5Qm","ODMxWDE2MDA=/z/rEAAAOSwqfNXj5Qm"
"401157199477","SOL-Rum-Seljuqen-3-Br-Kaykaus-Qilij-Arslan-Kayqubad-Dirham-Konya-650-H-PM363-","28. Jul. 2016 00:02:06 MESZ","EUR 21,39","","","","","","401157199477o.jpg","401157199477r.jpg","","","ODE1WDE2MDA=/z/kboAAOSw0fhXj5Qb","ODE1WDE2MDA=/z/kboAAOSw0fhXj5Qb"
"401157199426","SOL-Rum-Seljuqen-3-Br-Kaykaus-Qilij-Arslan-Kayqubad-Dirham-Konya-649-H-PM360-","27. Jul. 2016 23:59:23 MESZ","EUR 22,39","","","","","","401157199426o.jpg","401157199426r.jpg","","","ODAyWDE2MDA=/z/nt4AAOSwtnpXj5QT","ODAyWDE2MDA=/z/nt4AAOSwtnpXj5QT"
"401157199381","SOL-Rum-Seljuqen-3-Br-Kaykaus-Qilij-Arslan-Kayqubad-Dirham-Konya-648-H-PM355-","27. Jul. 2016 23:56:08 MESZ","EUR 14,50","","","","","","401157199381o.jpg","401157199381r.jpg","","","ODEzWDE2MDA=/z/nfEAAOSwtnpXj5QL","ODEzWDE2MDA=/z/nfEAAOSwtnpXj5QL"
"391511928690","SOL-Rum-Seljuqen-3-Br-Kaykaus-Qilij-A-Kayqubad-Dirham-Konya-647-H-RAR-PM353-","27. Jul. 2016 23:53:22 MESZ","EUR 30,50","","","","","","391511928690o.jpg","391511928690r.jpg","","","ODAwWDE2MDA=/z/icwAAOSwsTxXj5QB","ODAwWDE2MDA=/z/icwAAOSwsTxXj5QB"
"391511928439","SOL-Rum-Seljuqen-Izz-ad-Din-Kaykaus-II-Dirham-Konya-646-H-Lot-2-PM349-","27. Jul. 2016 23:50:11 MESZ","EUR 55,55","","","","","","391511928439o.jpg","391511928439r.jpg","","","MTU0NlgxNjAw/z/d3wAAOSwayZXj5Pq","MTU0NlgxNjAw/z/d3wAAOSwayZXj5Pq"
"391508966389","SOL-Rum-Seljuqen-Kayyubad-I-bin-Kaikhusraw-Dirham-Siwas-623-H-BA154-","24. Jul. 2016 23:09:02 MESZ","EUR 36,50","","","","","","391508966389o.jpg","391508966389r.jpg","","","NzkzWDE2MDA=/z/G4EAAOSw0fhXirk5","NzkzWDE2MDA=/z/G4EAAOSw0fhXirk5"
"391508966336","SOL-Rum-Seljuqen-Kayyubad-I-bin-Kaikhusraw-Dirham-Konya-618-H-Izm-229-BA142-","24. Jul. 2016 23:06:47 MESZ","EUR 35,35","","","","","","391508966336o.jpg","391508966336r.jpg","","","Nzk2WDE2MDA=/z/5RcAAOSw6WdXirkx","Nzk2WDE2MDA=/z/5RcAAOSw6WdXirkx"
"401155234378","SOL-Rum-Seljuqen-Kayyubad-I-bin-Kaikhusraw-Dirham-Konya-617-6-H-BA-141-","24. Jul. 2016 23:03:33 MESZ","EUR 34,45","","","","","","401155234378o.jpg","401155234378r.jpg","","","ODE2WDE2MDA=/z/Nl0AAOSwRgJXirkm","ODE2WDE2MDA=/z/Nl0AAOSwRgJXirkm"
"401155234341","SOL-Rum-Seljuqen-Kayyubad-I-bin-Kaikhusraw-Dirham-Siwas-625-H-Izm-277-BA150-","24. Jul. 2016 23:00:07 MESZ","EUR 34,51","","","","","","401155234341o.jpg","401155234341r.jpg","","","Nzg3WDE2MDA=/z/Q4EAAOSwNKRXirkd","Nzg3WDE2MDA=/z/Q4EAAOSwNKRXirkd"
"401155234257","SOL-Rum-Seljuqen-Kayyubad-I-bin-Kaikhusraw-Dirham-Siwas-625-H-Izm-275-BA149-","24. Jul. 2016 22:57:23 MESZ","EUR 33,51","","","","","","401155234257o.jpg","401155234257r.jpg","","","ODAzWDE2MDA=/z/4rgAAOSw6WdXirkV","ODAzWDE2MDA=/z/4rgAAOSw6WdXirkV"
"391508966103","SOL-Rum-Seljuqen-Kayyubad-I-bin-Kaikhusraw-Dirham-Konya-625-H-Izm-242-BA144-","24. Jul. 2016 22:54:30 MESZ","EUR 40,00","","","","","","391508966103o.jpg","391508966103r.jpg","","","ODAyWDE2MDA=/z/op0AAOSwdzVXirkM","ODAyWDE2MDA=/z/op0AAOSwdzVXirkM"
"391508966040","SOL-Rum-Seljuqen-Kayyubad-I-bin-Kaikhusraw-Dirham-Konya-620-H-Izm-BA143-","24. Jul. 2016 22:51:01 MESZ","EUR 33,00","","","","","","391508966040o.jpg","391508966040r.jpg","","","ODE3WDE2MDA=/z/O-cAAOSwsTxXirkD","ODE3WDE2MDA=/z/O-cAAOSwsTxXirkD"
"401155106512","SOL-Rum-Seljuqen-Mugith-ed-Din-Tughril-AG-Dinar-613-Erzerum-RAR-BA136-","24. Jul. 2016 22:48:50 MESZ","EUR 67,00","","","","","","401155106512o.jpg","401155106512r.jpg","","","ODAzWDE2MDA=/z/ZkgAAOSwARZXimUX","ODAzWDE2MDA=/z/ZkgAAOSwARZXimUX"
"391508751646","SOL-Rum-Seljuqen-Mugith-ed-Din-Tughril-AG-Dinar-608-Erzerum-RAR-BA131-","24. Jul. 2016 22:45:49 MESZ","EUR 71,00","","","","","","391508751646o.jpg","391508751646r.jpg","","","Nzg2WDE2MDA=/z/p94AAOSwRgJXimUO","Nzg2WDE2MDA=/z/p94AAOSwRgJXimUO"
"391508749370","SOL-Rum-Seljuqen-Kayyubad-I-Dirham-ohne-Praegestaette-624-625-H-BA155-","23. Jul. 2016 22:57:53 MESZ","EUR 30,36","","","","","","391508749370o.jpg","391508749370r.jpg","","","Nzg2WDE2MDA=/z/macAAOSwbsBXimPw","Nzg2WDE2MDA=/z/macAAOSwbsBXimPw"
"401155105221","SOL-Rum-Seljuqen-Kayyubad-I-bin-Kaikhusraw-Dirham-Siwas-617-H-BA-153-","23. Jul. 2016 22:54:53 MESZ","EUR 41,41","","","","","","401155105221o.jpg","401155105221r.jpg","","","Nzk2WDE2MDA=/z/OswAAOSwNKRXimPm","Nzk2WDE2MDA=/z/OswAAOSwNKRXimPm"
"401155105189","SOL-Rum-Seljuqen-Kayyubad-I-bin-Kaikhusraw-Dirham-Siwas-Siwas-ohne-Jahr-BA152-","23. Jul. 2016 22:51:00 MESZ","EUR 31,31","","","","","","401155105189o.jpg","401155105189r.jpg","","","NzgyWDE2MDA=/z/8FsAAOSw0fhXimPe","NzgyWDE2MDA=/z/8FsAAOSw0fhXimPe"
"391508749139","SOL-Rum-Seljuqen-Kayyubad-I-bin-Kaikhusraw-Dirham-Siwas-627-H-BA151-","23. Jul. 2016 22:48:17 MESZ","EUR 30,36","","","","","","391508749139o.jpg","391508749139r.jpg","","","ODAwWDE2MDA=/z/v5oAAOSwIgNXimPW","ODAwWDE2MDA=/z/v5oAAOSwIgNXimPW"
"401155105128","SOL-Rum-Seljuqen-Kayyubad-I-bin-Kaikhusraw-Dirham-Dunaysir-626-H-BA145-","23. Jul. 2016 22:45:35 MESZ","EUR 66,89","","","","","","401155105128o.jpg","401155105128r.jpg","","","NzgwWDE2MDA=/z/uT8AAOSwYqxXimPI","NzgwWDE2MDA=/z/uT8AAOSwYqxXimPI"
"391505975617","SOL-Rum-Seljuqen-3-Br-Kaykaus-Qilij-Arslan-Kayqubad-Dirham-Konya-656-H-PM389-","21. Jul. 2016 23:15:07 MESZ","EUR 20,00","","","","","","391505975617o.jpg","391505975617r.jpg","","","Nzc0WDE2MDA=/z/Ap8AAOSw7XZXhgTa","Nzc0WDE2MDA=/z/Ap8AAOSw7XZXhgTa"
"401153304875","SOL-Rum-Seljuqen-3-Br-Kaykaus-Qilij-Arslan-Kayqubad-Dirham-Konya-655-H-PM380-","21. Jul. 2016 23:12:08 MESZ","EUR 24,50","","","","","","401153304875o.jpg","401153304875r.jpg","","","ODA0WDE2MDA=/z/rPcAAOSwyKxXhgTR","ODA0WDE2MDA=/z/rPcAAOSwyKxXhgTR"
"391505975467","SOL-Rum-Seljuqen-3-Br-Kaykaus-Qilij-A-Kayqubad-Dirham-Siwas-649-H-2-x-PM165-","21. Jul. 2016 23:09:43 MESZ","EUR 38,50","","","","","","391505975467o.jpg","391505975467r.jpg","","","MTU2N1gxNjAw/z/RV4AAOSwYSlXhgTJ","MTU2N1gxNjAw/z/RV4AAOSwYSlXhgTJ"
"391505956457","SOL-Rum-Seljuqen-3-Br-Kaykaus-Qilij-Arslan-Kayqubad-Dirham-Konya-654-H-PM374-","20. Jul. 2016 23:48:06 MESZ","EUR 21,50","","","","","","391505956457o.jpg","391505956457r.jpg","","","ODAwWDE2MDA=/z/Cw8AAOSwyKxXhf~E","ODAwWDE2MDA=/z/Cw8AAOSwyKxXhf~E"
"401153296499","SOL-Rum-Seljuqen-3-Br-Kaykaus-Qilij-Arslan-Kayqubad-Dirham-Konya-653-H-PM371-","20. Jul. 2016 23:45:30 MESZ","EUR 23,50","","","","","","401153296499o.jpg","401153296499r.jpg","","","ODAwWDE2MDA=/z/EFEAAOSwAPlXhf-7","ODAwWDE2MDA=/z/EFEAAOSwAPlXhf-7"
"391505956160","SOL-Rum-Seljuqen-3-Br-Kaykaus-Qilij-Arslan-Kayqubad-Dirham-Konya-652-H-PM368-","20. Jul. 2016 23:42:17 MESZ","EUR 23,50","","","","","","391505956160o.jpg","391505956160r.jpg","","","Nzk0WDE2MDA=/z/SOwAAOSwzLlXhf-y","Nzk0WDE2MDA=/z/SOwAAOSwzLlXhf-y"
"401153296421","SOL-Rum-Seljuqen-3-Br-Kaykaus-Qilij-Arslan-Kayqubad-Dirham-Konya-650-H-PM364-","20. Jul. 2016 23:39:54 MESZ","EUR 21,50","","","","","","401153296421o.jpg","401153296421r.jpg","","","Nzk2WDE2MDA=/z/iJwAAOSwRgJXhf-q","Nzk2WDE2MDA=/z/iJwAAOSwRgJXhf-q"
"391505955922","SOL-Rum-Seljuqen-3-Br-Kaykaus-Qilij-Arslan-Kayqubad-Dirham-Konya-649-H-PM359-","20. Jul. 2016 23:36:18 MESZ","EUR 21,50","","","","","","391505955922o.jpg","391505955922r.jpg","","","NzkxWDE2MDA=/z/RqgAAOSwzLlXhf-g","NzkxWDE2MDA=/z/RqgAAOSwzLlXhf-g"
"401153296243","SOL-Rum-Seljuqen-3-Br-Kaykaus-Qilij-Arslan-Kayqubad-Dirham-Konya-648-H-PM356-","20. Jul. 2016 23:33:52 MESZ","EUR 23,39","","","","","","401153296243o.jpg","401153296243r.jpg","","","Nzk3WDE2MDA=/z/AQMAAOSwRJ9Xhf-Y","Nzk3WDE2MDA=/z/AQMAAOSwRJ9Xhf-Y"
"391503792439","SOL-Rum-Seljuqen-Qilij-Arslan-IV-Dirham-661-H-Saruz-DU629-","17. Jul. 2016 23:06:35 MESZ","EUR 39,89","","","","","","391503792439o.jpg","391503792439r.jpg","","","NjU0WDEzMDA=/z/YvcAAOSwygJXghq7","NjU0WDEzMDA=/z/YvcAAOSwygJXghq7"
"401151323860","SOL-Rum-Seljuqen-Mugith-ed-Din-Tughril-AG-Dinar-616-Erzerum-RAR-BA86-","17. Jul. 2016 22:45:54 MESZ","EUR 67,00","","","","","","401151323860o.jpg","401151323860r.jpg","","","NzUyWDE0ODI=/z/1mUAAOSwAPlXgXf3","NzUyWDE0ODI=/z/1mUAAOSwAPlXgXf3"
"391503561388","SOL-Rum-Seljuqen-Mugith-ed-Din-Tughril-AG-Dinar-613-Erzerum-RAR-BA85-","17. Jul. 2016 22:42:13 MESZ","EUR 35,75","","","","","","391503561388o.jpg","391503561388r.jpg","","","NzUyWDE0NjM=/z/kbYAAOSwGXtXgXfw","NzUyWDE0NjM=/z/kbYAAOSwGXtXgXfw"
"391503561326","SOL-Rum-Seljuqen-Mugith-ed-Din-Tughril-AG-Dinar-608-Erzerum-RAR-BA84-","17. Jul. 2016 22:39:25 MESZ","EUR 33,85","","","","","","391503561326o.jpg","391503561326r.jpg","","","NzUzWDE1MDM=/z/dC4AAOSwygJXgXfp","NzUzWDE1MDM=/z/dC4AAOSwygJXgXfp"
"401151323754","SOL-Rum-Seljuqen-Kayyubad-I-bin-Kaikhusraw-Dirham-Siwas-623-H-BA89-","17. Jul. 2016 22:36:29 MESZ","EUR 25,50","","","","","","401151323754o.jpg","401151323754r.jpg","","","NzEyWDE0MDY=/z/wtAAAOSwRgJXgXfi","NzEyWDE0MDY=/z/wtAAAOSwRgJXgXfi"
"391503561229","SOL-Rum-Seljuqen-Kayyubad-I-bin-Kaikhusraw-Dirham-Siwas-625-H-BA88-","17. Jul. 2016 22:33:45 MESZ","EUR 25,50","","","","","","391503561229o.jpg","391503561229r.jpg","","","NzA4WDE0MDA=/z/ju4AAOSwRJ9XgXfa","NzA4WDE0MDA=/z/ju4AAOSwRJ9XgXfa"
"391503561173","SOL-Rum-Seljuqen-Kayyubad-I-bin-Kaikhusraw-Dirham-Dar-al-Calal-H-BA87-","17. Jul. 2016 22:30:49 MESZ","EUR 73,45","","","","","","391503561173o.jpg","391503561173r.jpg","","","Njk4WDEzODY=/z/ZWAAAOSwyKxXgXfT","Njk4WDEzODY=/z/ZWAAAOSwyKxXgXfT"
"401150090954","SOL-Rum-Seljuqen-3-Br-Kaykaus-Qilij-Arslan-Kayqubad-Dirham-Konya-655-H-PM381-","14. Jul. 2016 22:45:06 MESZ","EUR 17,50","","","","","","401150090954o.jpg","401150090954r.jpg","","","Nzk3WDE2MDA=/z/gEEAAOSwkl5XfoWZ","Nzk3WDE2MDA=/z/gEEAAOSwkl5XfoWZ"
"391501903096","SOL-Rum-Seljuqen-3-Br-Kaykaus-Qilij-Arslan-Kayqubad-Dirham-Konya-656-H-PM385-","14. Jul. 2016 22:42:20 MESZ","EUR 22,00","","","","","","391501903096o.jpg","391501903096r.jpg","","","Nzg2WDE2MDA=/z/TkEAAOSwEjFXfoWR","Nzg2WDE2MDA=/z/TkEAAOSwEjFXfoWR"
"401150090846","SOL-Rum-Seljuqen-3-Br-Kaykaus-Qilij-Arslan-Kayqubad-Dirham-Lot-2-PM400-","14. Jul. 2016 22:39:02 MESZ","EUR 33,50","","","","","","401150090846o.jpg","401150090846r.jpg","","","MTU1M1gxNjAw/z/Eb8AAOSw-KFXfoWI","MTU1M1gxNjAw/z/Eb8AAOSw-KFXfoWI"
"391501902892","SOL-Rum-Seljuqen-3-Br-Kaykaus-Qilij-Arslan-Kayqubad-Dirham-Siwas-649-H-PM391-","14. Jul. 2016 22:36:18 MESZ","EUR 22,22","","","","","","391501902892o.jpg","391501902892r.jpg","","","Nzc4WDE2MDA=/z/BfQAAOSwOVpXfoV8","Nzc4WDE2MDA=/z/BfQAAOSwOVpXfoV8"
"391501902831","SOL-Rum-Seljuqen-3-Br-Kaykaus-Qilij-Arslan-Kayqubad-Dirham-Siwas-650-H-PM394-","14. Jul. 2016 22:33:22 MESZ","EUR 22,22","","","","","","391501902831o.jpg","391501902831r.jpg","","","ODE4WDE2MDA=/z/xk8AAOSwRQlXfoVz","ODE4WDE2MDA=/z/xk8AAOSwRQlXfoVz"
"391501902751","SOL-Rum-Seljuqen-3-Br-Kaykaus-Qilij-Arslan-Kayqubad-Dirham-Siwas-651-H-PM397-","14. Jul. 2016 22:30:04 MESZ","EUR 22,22","","","","","","391501902751o.jpg","391501902751r.jpg","","","ODAwWDE2MDA=/z/-qsAAOSwbYZXfoVp","ODAwWDE2MDA=/z/-qsAAOSwbYZXfoVp"
"401149510540","SOL-Rum-Seljuqen-Izz-ad-Din-Kaykaus-II-Dirham-Siwas-646-H-Lot-2-PM348-","13. Jul. 2016 23:18:07 MESZ","EUR 44,50","","","","","","401149510540o.jpg","401149510540r.jpg","","","MTU1OFgxNjAw/z/gnEAAOSwwo1XfUkb","MTU1OFgxNjAw/z/gnEAAOSwwo1XfUkb"
"391501131172","SOL-Rum-Seljuqen-3-Br-Kaykaus-Qilij-Arslan-Kayqubad-Dirham-Konya-648-H-PM357-","13. Jul. 2016 23:15:21 MESZ","EUR 24,00","","","","","","391501131172o.jpg","391501131172r.jpg","","","NzkzWDE2MDA=/z/fpYAAOSwbYZXfUkN","NzkzWDE2MDA=/z/fpYAAOSwbYZXfUkN"
"401149510391","SOL-Rum-Seljuqen-3-Br-Kaykaus-Qilij-Arslan-Kayqubad-Dirham-Konya-649-H-PM361-","13. Jul. 2016 23:12:47 MESZ","EUR 23,50","","","","","","401149510391o.jpg","401149510391r.jpg","","","NzkwWDE2MDA=/z/AccAAOSwZ1BXfUkD","NzkwWDE2MDA=/z/AccAAOSwZ1BXfUkD"
"401149510316","SOL-Rum-Seljuqen-3-Br-Kaykaus-Qilij-Arslan-Kayqubad-Dirham-Konya-650-H-PM365-","13. Jul. 2016 23:09:34 MESZ","EUR 20,00","","","","","","401149510316o.jpg","401149510316r.jpg","","","NzkzWDE2MDA=/z/ACEAAOSwZ1BXfUj5","NzkzWDE2MDA=/z/ACEAAOSwZ1BXfUj5"
"391501131012","SOL-Rum-Seljuqen-3-Br-Kaykaus-Qilij-Arslan-Kayqubad-Dirham-Konya-652-H-PM369-","13. Jul. 2016 23:06:46 MESZ","EUR 21,50","","","","","","391501131012o.jpg","391501131012r.jpg","","","ODA5WDE2MDA=/z/nx8AAOSwOVpXfUjw","ODA5WDE2MDA=/z/nx8AAOSwOVpXfUjw"
"391501130908","SOL-Rum-Seljuqen-3-Br-Kaykaus-Qilij-Arslan-Kayqubad-Dirham-Konya-653-H-PM373-","13. Jul. 2016 23:03:33 MESZ","EUR 22,39","","","","","","391501130908o.jpg","391501130908r.jpg","","","NzkwWDE2MDA=/z/ZcUAAOSwzJ5XfUjm","NzkwWDE2MDA=/z/ZcUAAOSwzJ5XfUjm"
"401149510159","SOL-Rum-Seljuqen-3-Br-Kaykaus-Qilij-Arslan-Kayqubad-Dirham-Konya-654-H-PM377-","13. Jul. 2016 23:00:32 MESZ","EUR 23,39","","","","","","401149510159o.jpg","401149510159r.jpg","","","Nzk4WDE2MDA=/z/ZJIAAOSwzJ5XfUjc","Nzk4WDE2MDA=/z/ZJIAAOSwzJ5XfUjc"
"401147043568","SOL-Rum-Seljuqen-Kayyubad-I-bin-Kaikhusraw-Dirham-Konya-618-H-BA-68-","09. Jul. 2016 23:39:44 MESZ","EUR 45,50","","","","","","401147043568o.jpg","401147043568r.jpg","","","NzU5WDE1MDE=/z/BlcAAOSwkl5Xd7P5","NzU5WDE1MDE=/z/BlcAAOSwkl5Xd7P5"
"391497866129","SOL-Rum-Seljuqen-Kayyubad-I-bin-Kaikhusraw-Dirham-Siwas-622-H-BA69-","09. Jul. 2016 23:36:36 MESZ","EUR 32,50","","","","","","391497866129o.jpg","391497866129r.jpg","","","ODAwWDE1NTU=/z/h-8AAOSwhOVXd7Px","ODAwWDE1NTU=/z/h-8AAOSwhOVXd7Px"
"401147043521","SOL-Rum-Seljuqen-Mugith-ed-Din-Tughril-AG-Dinar-608-Erzerum-RAR-BA66-","09. Jul. 2016 23:33:34 MESZ","EUR 45,50","","","","","","401147043521o.jpg","401147043521r.jpg","","","NzkxWDE1NjI=/z/CP8AAOSwZ1BXd7Pq","NzkxWDE1NjI=/z/CP8AAOSwZ1BXd7Pq"
"391497866016","SOL-Rum-Seljuqen-Mugith-ed-Din-Tughril-AG-Dinar-613-Erzerum-RAR-BA67-","09. Jul. 2016 23:30:58 MESZ","EUR 37,39","","","","","","391497866016o.jpg","391497866016r.jpg","","","ODE2WDE1ODU=/z/94gAAOSwuzRXd7Ph","ODE2WDE1ODU=/z/94gAAOSwuzRXd7Ph"
"391494332568","SOL-Rum-Seljuqen-3-Br-Kaykaus-Qilij-Arslan-Kayqubad-Dirham-Siwas-654-H-PM347-","05. Jul. 2016 22:42:00 MESZ","EUR 23,39","","","","","","391494332568o.jpg","391494332568r.jpg","","","NjY2WDEzMTc=/z/rB0AAOSw-4BXcb8Q","NjY2WDEzMTc=/z/rB0AAOSw-4BXcb8Q"
"391494332527","SOL-Rum-Seljuqen-3-Br-Kaykaus-Qilij-Arslan-Kayqubad-Dirham-Siwas-649-H-PM346-","05. Jul. 2016 22:39:16 MESZ","EUR 23,39","","","","","","391494332527o.jpg","391494332527r.jpg","","","NjczWDEzMzU=/z/6pMAAOSwOVpXcb8J","NjczWDEzMzU=/z/6pMAAOSwOVpXcb8J"
"401144359166","SOL-Rum-Seljuqen-3-Br-Kaykaus-Qilij-Arslan-Kayqubad-Dirham-Konya-656-H-PM345-","05. Jul. 2016 22:36:53 MESZ","EUR 23,00","","","","","","401144359166o.jpg","401144359166r.jpg","","","NjgwWDEzMjY=/z/dvEAAOSw-KFXcb8C","NjgwWDEzMjY=/z/dvEAAOSw-KFXcb8C"
"401144359128","SOL-Rum-Seljuqen-3-Br-Kaykaus-Qilij-Arslan-Kayqubad-Dirham-Konya-655-H-PM344-","05. Jul. 2016 22:33:07 MESZ","EUR 23,00","","","","","","401144359128o.jpg","401144359128r.jpg","","","Njc1WDEyOTM=/z/KqgAAOSwhOVXcb78","Njc1WDEyOTM=/z/KqgAAOSwhOVXcb78"
"391494332369","SOL-Rum-Seljuqen-3-Br-Kaykaus-Qilij-Arslan-Kayqubad-Dirham-Konya-654-H-PM343-","05. Jul. 2016 22:30:37 MESZ","EUR 23,39","","","","","","391494332369o.jpg","391494332369r.jpg","","","NjM5WDEyNjI=/z/daMAAOSw-KFXcb7x","NjM5WDEyNjI=/z/daMAAOSw-KFXcb7x"
"401144356566","SOL-Rum-Seljuqen-3-Br-Kaykaus-Qilij-Arslan-Kayqubad-Dirham-Konya-652-H-PM342-","05. Jul. 2016 03:07:46 MESZ","EUR 28,28","","","","","","401144356566o.jpg","401144356566r.jpg","","","NjQwWDEyNTE=/z/cfoAAOSw-4BXcbyw","NjQwWDEyNTE=/z/cfoAAOSw-4BXcbyw"
"401144356552","SOL-Rum-Seljuqen-3-Br-Kaykaus-Qilij-Arslan-Kayqubad-Dirham-Konya-650-H-PM341-","05. Jul. 2016 03:04:15 MESZ","EUR 26,00","","","","","","401144356552o.jpg","401144356552r.jpg","","","NjQ5WDEyNjk=/z/IEsAAOSwNuxXcbyq","NjQ5WDEyNjk=/z/IEsAAOSwNuxXcbyq"
"401144356539","SOL-Rum-Seljuqen-3-Br-Kaykaus-Qilij-Arslan-Kayqubad-Dirham-Konya-649-H-PM340-","05. Jul. 2016 03:01:36 MESZ","EUR 26,00","","","","","","401144356539o.jpg","401144356539r.jpg","","","Njc4WDEzNTU=/z/QqwAAOSw-KFXcbyk","Njc4WDEzNTU=/z/QqwAAOSw-KFXcbyk"
"391494328620","SOL-Rum-Seljuqen-3-Br-Kaykaus-Qilij-Arslan-Kayqubad-Dirham-Konya-648-H-PM339-","05. Jul. 2016 02:58:03 MESZ","EUR 18,25","","","","","","391494328620o.jpg","391494328620r.jpg","","","NjY4WDEzMDc=/z/cAcAAOSw-4BXcbye","NjY4WDEzMDc=/z/cAcAAOSw-4BXcbye"
"401144356494","SOL-Rum-Seljuqen-Izz-ad-Din-Kaykaus-II-Dirham-Konya-646-H-PM296-","05. Jul. 2016 02:55:08 MESZ","EUR 19,00","","","","","","401144356494o.jpg","401144356494r.jpg","","","ODE0WDE2MDA=/z/5FQAAOSwhOVXcbyX","ODE0WDE2MDA=/z/5FQAAOSwhOVXcbyX"
"401139291099","SOL-Rum-Seljuqen-Kayyubad-I-bin-Kaikhusraw-Dirham-Siwas-625-H-BA47-","26. Jun. 2016 02:17:08 MESZ","EUR 25,50","","","","","","401139291099o.jpg","401139291099r.jpg","","","Njg5WDEzNjE=/z/6CgAAOSwvg9XZdM8","Njg5WDEzNjE=/z/6CgAAOSwvg9XZdM8"
"401139291075","SOL-Rum-Seljuqen-Kayyubad-I-bin-Kaikhusraw-Dirham-Siwas-617-H-BA-46-","26. Jun. 2016 02:14:03 MESZ","EUR 25,50","","","","","","401139291075o.jpg","401139291075r.jpg","","","NzEwWDE0MzI=/z/vakAAOSwMNxXZdM1","NzEwWDE0MzI=/z/vakAAOSwMNxXZdM1"
"401139291063","SOL-Rum-Seljuqen-Kayyubad-I-bin-Kaikhusraw-Dirham-Siwas-623-H-BA45-","26. Jun. 2016 02:11:02 MESZ","EUR 25,50","","","","","","401139291063o.jpg","401139291063r.jpg","","","NzExWDE0MTc=/z/eXcAAOSwmtJXZdMt","NzExWDE0MTc=/z/eXcAAOSwmtJXZdMt"
"391487269571","SOL-Rum-Seljuqen-Mugith-ed-Din-Tughril-AG-Dinar-613-Erzerum-RAR-BA44-","26. Jun. 2016 02:08:26 MESZ","EUR 61,00","","","","","","391487269571o.jpg","391487269571r.jpg","","","NzQ3WDE0NTM=/z/5sIAAOSwvg9XZdMm","NzQ3WDE0NTM=/z/5sIAAOSwvg9XZdMm"
"391486373689","SOL-Rum-Seljuqen-3-Br-Kaykaus-Qilij-Arslan-Kayqubad-Dirham-Konya-656-H-PM332-","25. Jun. 2016 00:51:31 MESZ","EUR 28,50","","","","","","391486373689o.jpg","391486373689r.jpg","","","ODAwWDE2MDA=/z/uUUAAOSwc1FXZGsC","ODAwWDE2MDA=/z/uUUAAOSwc1FXZGsC"
"401138778400","SOL-Rum-Seljuqen-3-Br-Kaykaus-Qilij-Arslan-Kayqubad-Dirham-Konya-655-H-PM329-","25. Jun. 2016 00:48:33 MESZ","EUR 32,50","","","","","","401138778400o.jpg","401138778400r.jpg","","","ODA4WDE2MDA=/z/55sAAOSwepJXZGr5","ODA4WDE2MDA=/z/55sAAOSwepJXZGr5"
"401138778347","SOL-Rum-Seljuqen-3-Br-Kaykaus-Qilij-Arslan-Kayqubad-Dirham-Konya-654-H-PM323-","25. Jun. 2016 00:45:32 MESZ","EUR 27,50","","","","","","401138778347o.jpg","401138778347r.jpg","","","Nzk2WDE2MDA=/z/5n4AAOSwepJXZGrw","Nzk2WDE2MDA=/z/5n4AAOSwepJXZGrw"
"391486373513","SOL-Rum-Seljuqen-3-Br-Kaykaus-Qilij-Arslan-Kayqubad-Dirham-Konya-650-H-PM311-","25. Jun. 2016 00:42:32 MESZ","EUR 24,01","","","","","","391486373513o.jpg","391486373513r.jpg","","","Nzk1WDE2MDA=/z/NcsAAOSwMNxXZGrm","Nzk1WDE2MDA=/z/NcsAAOSwMNxXZGrm"
"401138778235","SOL-Rum-Seljuqen-3-Br-Kaykaus-Qilij-Arslan-Kayqubad-Dirham-Konya-649-H-PM309-","25. Jun. 2016 00:39:52 MESZ","EUR 28,50","","","","","","401138778235o.jpg","401138778235r.jpg","","","ODA5WDE2MDA=/z/4KkAAOSwbYZXZGrd","ODA5WDE2MDA=/z/4KkAAOSwbYZXZGrd"
"401138778187","SOL-Rum-Seljuqen-3-Br-Kaykaus-Qilij-Arslan-Kayqubad-Dirham-Konya-648-H-PM306-","25. Jun. 2016 00:36:16 MESZ","EUR 24,39","","","","","","401138778187o.jpg","401138778187r.jpg","","","ODIxWDE2MDA=/z/TqgAAOSwjXRXZGrU","ODIxWDE2MDA=/z/TqgAAOSwjXRXZGrU"
"391486373312","SOL-Rum-Seljuqen-Izz-ad-Din-Kaykaus-II-Dirham-Konya-647-H-PM300-","25. Jun. 2016 00:33:52 MESZ","EUR 37,50","","","","","","391486373312o.jpg","391486373312r.jpg","","","ODE1WDE2MDA=/z/lNAAAOSwmtJXZGrL","ODE1WDE2MDA=/z/lNAAAOSwmtJXZGrL"
"391486373200","SOL-Rum-Seljuqen-Izz-ad-Din-Kaykaus-II-Dirham-Konya-646-H-PM274-","25. Jun. 2016 00:30:17 MESZ","EUR 33,33","","","","","","391486373200o.jpg","391486373200r.jpg","","","ODAxWDE2MDA=/z/VNkAAOSwM4xXZGq-","ODAxWDE2MDA=/z/VNkAAOSwM4xXZGq-"
"391561691544","SOL-Rum-Seljuqen-Kayyubad-I-bin-Kaikhusraw-Dirham-Siwas-627-H-Izm-286-BA217-","22. Sep. 2016 02:27:50 MESZ","EUR 33,50","","","","","","391561691544o.jpg","391561691544r.jpg","","","NzA5WDEzODg=/z/ywIAAOSw4shX2dYK","NzA5WDEzODg=/z/ywIAAOSw4shX2dYK"
"401188904801","SOL-Rum-Seljuqen-Kayyubad-I-bin-Kaikhusraw-Dirham-Konya-618-H-Izm-229-BA219-","22. Sep. 2016 02:24:00 MESZ","EUR 34,34","","","","","","401188904801o.jpg","401188904801r.jpg","","","NzAyWDEzNjg=/z/JzwAAOSwOyJX2dYD","NzAyWDEzNjg=/z/JzwAAOSwOyJX2dYD"
"391561691459","SOL-Rum-Seljuqen-Kayyubad-I-bin-Kaikhusraw-Dirham-Konya-617-6-H-Izm-224-BA220-","22. Sep. 2016 02:21:31 MESZ","EUR 26,38","","","","","","391561691459o.jpg","391561691459r.jpg","","","NzA4WDE0MDM=/z/5rgAAOSwmfhX2dX9","NzA4WDE0MDM=/z/5rgAAOSwmfhX2dX9"
"401188904768","SOL-Rum-Seljuqen-Kayyubad-I-bin-Kaikhusraw-Dirham-Konya-617-H-Izm-223-BA-218-","22. Sep. 2016 02:18:23 MESZ","EUR 34,34","","","","","","401188904768o.jpg","401188904768r.jpg","","","NzExWDE0MDg=/z/7okAAOSwLF1X2dX3","NzExWDE0MDg=/z/7okAAOSwLF1X2dX3"
"391561691308","SOL-Rum-Seljuqen-Kaykhusraw-III-Dirham-675-H-Kayseriye-DU693-","22. Sep. 2016 02:15:30 MESZ","EUR 33,50","","","","","","391561691308o.jpg","391561691308r.jpg","","","NzA0WDEzNzk=/z/SWYAAOSw8w1X2dXu","NzA0WDEzNzk=/z/SWYAAOSw8w1X2dXu"
"391561691023","SOL-Rum-Seljuqen-Kaykhusraw-III-Dirham-671-H-Kayseriye-o-Konya-DU690-","22. Sep. 2016 02:09:53 MESZ","EUR 15,00","","","","","","391561691023o.jpg","391561691023r.jpg","","","Njg4WDEzNjQ=/z/HtsAAOSwNRdX2dXg","Njg4WDEzNjQ=/z/HtsAAOSwNRdX2dXg"
"401186837720","SOL-Rum-Seljuqen-3-Br-Kaykaus-Qilij-Arslan-Kayqubad-Dirham-Konya-656-H-PM476-","19. Sep. 2016 02:51:41 MESZ","EUR 48,39","","","","","","401186837720o.jpg","401186837720r.jpg","","","ODA0WDE2MDA=/z/fv4AAOSwxg5X1dno","ODA0WDE2MDA=/z/fv4AAOSwxg5X1dno"
"391557928244","SOL-Rum-Seljuqen-3-Br-Kaykaus-Qilij-Arslan-Kayqubad-Dirham-Konya-654-H-PM438-","19. Sep. 2016 02:48:29 MESZ","EUR 21,50","","","","","","391557928244o.jpg","391557928244r.jpg","","","NzkwWDE2MDA=/z/ZMEAAOSwFV9X1dnf","NzkwWDE2MDA=/z/ZMEAAOSwFV9X1dnf"
"391557928213","SOL-Rum-Seljuqen-3-Br-Kaykaus-Qilij-Arslan-Kayqubad-Dirham-Konya-653-H-PM481-","19. Sep. 2016 02:45:35 MESZ","EUR 41,50","","","","","","391557928213o.jpg","391557928213r.jpg","","","Nzg2WDE2MDA=/z/Y5MAAOSwFV9X1dnT","Nzg2WDE2MDA=/z/Y5MAAOSwFV9X1dnT"
"391557928188","SOL-Rum-Seljuqen-3-Br-Kaykaus-Qilij-Arslan-Kayqubad-Dirham-Konya-652-H-PM469-","19. Sep. 2016 02:42:09 MESZ","EUR 30,50","","","","","","391557928188o.jpg","391557928188r.jpg","","","ODAzWDE2MDA=/z/L5EAAOSwgmJX1dnL","ODAzWDE2MDA=/z/L5EAAOSwgmJX1dnL"
"391557928165","SOL-Rum-Seljuqen-3-Br-Kaykaus-Qilij-Arslan-Kayqubad-Dirham-Konya-650-H-CT427-","19. Sep. 2016 02:39:46 MESZ","EUR 41,50","","","","","","391557928165o.jpg","391557928165r.jpg","","","ODAzWDE2MDA=/z/LWsAAOSwGtRX1dnC","ODAzWDE2MDA=/z/LWsAAOSwGtRX1dnC"
"391557928130","SOL-Rum-Seljuqen-3-Br-Kaykaus-Qilij-Arslan-Kayqubad-Dirham-Konya-649-H-PM479-","19. Sep. 2016 02:36:57 MESZ","EUR 37,37","","","","","","391557928130o.jpg","391557928130r.jpg","","","ODAzWDE2MDA=/z/CvYAAOSw9IpX1dm6","ODAzWDE2MDA=/z/CvYAAOSw9IpX1dm6"
"391557928098","SOL-Rum-Seljuqen-3-Br-Kaykaus-Qilij-Arslan-Kayqubad-Dirham-Konya-648-H-PM477-","19. Sep. 2016 02:33:08 MESZ","EUR 32,32","","","","","","391557928098o.jpg","391557928098r.jpg","","","ODE0WDE2MDA=/z/A0MAAOSwvzRX1dmx","ODE0WDE2MDA=/z/A0MAAOSwvzRX1dmx"
"401186837340","SOL-Rum-Seljuqen-Izz-ad-Din-Kaykaus-II-Dirham-Konya-646-H-PM295-","19. Sep. 2016 02:30:11 MESZ","EUR 30,51","","","","","","401186837340o.jpg","401186837340r.jpg","","","ODAwWDE2MDA=/z/CPcAAOSw9IpX1dmo","ODAwWDE2MDA=/z/CPcAAOSw9IpX1dmo"
"391557096563","SOL-Rum-Seljuqen-Kaykhusraw-I-Kupfer-Fals-Malatya-Reiter-mit-Schwert-PK789-","18. Sep. 2016 00:09:45 MESZ","EUR 5,50","","","","","","391557096563o.jpg","391557096563r.jpg","","","NjYxWDEyNzA=/z/LtIAAOSwAuZX1FwJ","NjYxWDEyNzA=/z/LtIAAOSwAuZX1FwJ"
"401183999314","SOL-Rum-Seljuqen-Kayyubad-I-bin-Kaikhusraw-Dirham-Konya-618-H-Izm-230-BA216-","14. Sep. 2016 01:31:20 MESZ","EUR 37,28","","","","","","401183999314o.jpg","401183999314r.jpg","","","NTkzWDExODI=/z/bfIAAOSwOdpXzz8~","NTkzWDExODI=/z/bfIAAOSwOdpXzz8~"
"401181429661","SOL-Rum-Seljuqen-3-Br-Kaykaus-Qilij-Arslan-Kayqubad-Dirham-Siwas-653-H-PM472-","12. Sep. 2016 02:06:00 MESZ","EUR 29,50","","","","","","401181429661o.jpg","401181429661r.jpg","","","ODA2WDE2MDA=/z/xJ0AAOSwi0RXyXsc","ODA2WDE2MDA=/z/xJ0AAOSwi0RXyXsc"
"401179825394","SOL-Rum-Seljuqen-Kaykhusraw-III-Dirham-674-H-Sarus-DU682-","07. Sep. 2016 01:43:53 MESZ","EUR 20,50","","","","","","401179825394o.jpg","401179825394r.jpg","","","Njg3WDE0MTY=/z/sbIAAOSwFdtXxg4x","Njg3WDE0MTY=/z/sbIAAOSwFdtXxg4x"
"391546067873","SOL-Rum-Seljuqen-Kaykhusraw-I-Kupfer-Fals-Reiter-Hennequin-1666-ff-CB455-","05. Sep. 2016 23:03:14 MESZ","EUR 8,00","","","","","","391546067873o.jpg","391546067873r.jpg","","","NTQxWDExODc=/z/-L4AAOSwOdpXxJ61","NTQxWDExODc=/z/-L4AAOSwOdpXxJ61"
"401178505525","SOL-Rum-Seljuqen-3-Br-Kaykaus-Qilij-Arslan-Kayqubad-Dirham-Konya-653-H-PM434-","05. Sep. 2016 01:24:42 MESZ","EUR 23,20","","","","","","401178505525o.jpg","401178505525r.jpg","","","NzkyWDE2MDA=/z/UKMAAOSwFdtXw2IX","NzkyWDE2MDA=/z/UKMAAOSwFdtXw2IX"
"401175881106","SOL-Rum-Seljuqen-Kaykhusraw-III-Dirham-667-und-671-H-Lot-2-Sarus-DU676-","30. Aug. 2016 23:49:46 MESZ","EUR 60,89","","","","","","401175881106o.jpg","401175881106r.jpg","","","MTM4NlgxNDM2/z/bDoAAOSwV0RXvKup","MTM4NlgxNDM2/z/bDoAAOSwV0RXvKup"
"401175273910","SOL-Rum-Seljuqen-Kayyubad-I-bin-Kaykhusraw-Fals-al-Mustansir-DU666-","29. Aug. 2016 23:13:01 MESZ","EUR 36,39","","","","","","401175273910o.jpg","401175273910r.jpg","","","NjMxWDEzMDU=/z/BmgAAOSwHoFXu1xL","NjMxWDEzMDU=/z/BmgAAOSwHoFXu1xL"
"391540152748","SOL-Rum-Seljuqen-Kayyubad-I-bin-Kaykhusraw-Fals-al-Nasir-DU665-","29. Aug. 2016 23:10:41 MESZ","EUR 30,39","","","","","","391540152748o.jpg","391540152748r.jpg","","","NjQ4WDEyNjc=/z/AAsAAOSwgZ1Xu1xA","NjQ4WDEyNjc=/z/AAsAAOSwgZ1Xu1xA"
"391539320935","SOL-Rum-Seljuqen-3-Br-Kaykaus-Qilij-Arslan-Kayqubad-Dirham-Siwas-651-H-PM396-","28. Aug. 2016 23:20:55 MESZ","EUR 23,39","","","","","","391539320935o.jpg","391539320935r.jpg","","","ODAzWDE2MDA=/z/XNkAAOSw-itXugZi","ODAzWDE2MDA=/z/XNkAAOSw-itXugZi"
"401160501960","SOL-Rum-Seljuqen-Kayyubad-I-bin-Kaikhusraw-Dirham-Konya-626-H-BA168-","19. Aug. 2016 22:54:55 MESZ","EUR 39,50","","","","","","401160501960o.jpg","401160501960r.jpg","","","NzcyWDE0ODU=/z/CioAAOSwtnpXl5QZ","NzcyWDE0ODU=/z/CioAAOSwtnpXl5QZ"
"391516826931","SOL-Rum-Seljuqen-Kayyubad-I-bin-Kaikhusraw-Dirham-Konya-625-H-Izm-242-BA167-","19. Aug. 2016 22:51:04 MESZ","EUR 33,50","","","","","","391516826931o.jpg","391516826931r.jpg","","","NzA4WDE0MzE=/z/vdsAAOSwRgJXl5QQ","NzA4WDE0MzE=/z/vdsAAOSwRgJXl5QQ"
"401160501851","SOL-Rum-Seljuqen-Kayyubad-I-bin-Kaikhusraw-Dirham-Konya-624-H-Izm-241-BA166-","19. Aug. 2016 22:48:43 MESZ","EUR 137,00","","","","","","401160501851o.jpg","401160501851r.jpg","","","NzMyWDE0Njc=/z/egAAAOSwdzVXl5QE","NzMyWDE0Njc=/z/egAAAOSwdzVXl5QE"
"401160367078","SOL-Rum-Seljuqen-Kayyubad-I-bin-Kaikhusraw-Dirham-Konya-617-6-H-BA162-","17. Aug. 2016 22:18:16 MESZ","EUR 55,89","","","","","","401160367078o.jpg","401160367078r.jpg","","","NzA2WDEzOTA=/z/fX8AAOSwIgNXl0cf","NzA2WDEzOTA=/z/fX8AAOSwIgNXl0cf"
"401160495615","SOL-Rum-Seljuqen-Kayyubad-I-bin-Kaikhusraw-Dirham-Dunaysir-625-H-BA169-","17. Aug. 2016 22:06:03 MESZ","EUR 86,00","","","","","","401160495615o.jpg","401160495615r.jpg","","","NzM3WDE0MjY=/z/uZUAAOSwENxXl5Bu","NzM3WDE0MjY=/z/uZUAAOSwENxXl5Bu"
"401160495684","SOL-Rum-Seljuqen-Kayyubad-I-bin-Kaikhusraw-Dirham-Siwas-628-H-BA171-","17. Aug. 2016 22:05:26 MESZ","EUR 55,55","","","","","","401160495684o.jpg","401160495684r.jpg","","","NjcyWDEzNDU=/z/8CgAAOSweXhXl5B3","NjcyWDEzNDU=/z/8CgAAOSweXhXl5B3"
"401167938719","SOL-Rum-Seljuqen-Mugith-ed-Din-Tughril-AG-Dinar-608-Erzerum-RAR-BA132-","16. Aug. 2016 22:48:20 MESZ","EUR 61,00","","","","","","401167938719o.jpg","401167938719r.jpg","","","Nzg3WDE2MDA=/z/hoIAAOSw-itXqdxi","Nzg3WDE2MDA=/z/hoIAAOSw-itXqdxi"
"391516838292","SOL-Rum-Seljuqen-Mugith-ed-Din-Tughril-AG-Dinar-613-Erzerum-RAR-BA138-","09. Aug. 2016 22:15:02 MESZ","EUR 76,76","","","","","","391516838292o.jpg","391516838292r.jpg","","","Nzg2WDE2MDA=/z/GdcAAOSw0fhXl5kq","Nzg2WDE2MDA=/z/GdcAAOSw0fhXl5kq"
"391517777703","SOL-Rum-Seljuqen-3-Br-Kaykaus-Qilij-Arslan-Kayqubad-Dirham-Konya-654-H-PM375-","04. Aug. 2016 00:24:07 MESZ","EUR 15,00","","","","","","391517777703o.jpg","391517777703r.jpg","","","Nzc2WDE2MDA=/z/~aMAAOSwENxXmOgU","Nzc2WDE2MDA=/z/~aMAAOSwENxXmOgU"
"401153296195","SOL-Rum-Seljuqen-Izz-ad-Din-Kaykaus-II-Dirham-Siwas-646-H-Lot-2-PM350-","20. Jul. 2016 23:30:01 MESZ","EUR 41,41","","","","","","401153296195o.jpg","401153296195r.jpg","","","MTU2MVgxNjAw/z/v7QAAOSw2zlXhf-P","MTU2MVgxNjAw/z/v7QAAOSw2zlXhf-P"
"401189465912","SOL-Rum-Seljuqen-Masud-II-Dirham-68x-H-Siwas-BR6-","23. Sep. 2016 02:01:05 MESZ","EUR 12,75","","","","","","401189465912o.jpg","401189465912r.jpg","","","NjY2WDEzNzQ=/z/2sEAAOSw8w1X2yO2","NjY2WDEzNzQ=/z/2sEAAOSw8w1X2yO2"
"401139291033","SOL-Rum-Seljuqen-Mugith-ed-Din-Tughril-AG-Dinar-616-Erzerum-RAR-BA43-","26. Jun. 2016 02:05:08 MESZ","EUR 61,00","","","","","","401139291033o.jpg","401139291033r.jpg","","","NzQzWDE0NTk=/z/VAQAAOSwepJXZdMe","NzQzWDE0NTk=/z/VAQAAOSwepJXZdMe"
"401191659887","SOL-Rum-Seljuqen-3-Br-Kaykaus-Qilij-Arslan-Kayqubad-Dirham-Konya-656-H-PM444-","26. Sep. 2016 23:00:58 MESZ","EUR 35,50","","","","","","401191659887o.jpg","401191659887r.jpg","","","ODA3WDE2MDA=/z/7fcAAOSwzaJX4Cnq","ODA3WDE2MDA=/z/7fcAAOSwzaJX4Cnq"
"401191659830","SOL-Rum-Seljuqen-3-Br-Kaykaus-Qilij-Arslan-Kayqubad-Dirham-Konya-655-H-PM498-","26. Sep. 2016 22:57:04 MESZ","EUR 18,50","","","","","","401191659830o.jpg","401191659830r.jpg","","","ODA3WDE2MDA=/z/cPYAAOSwPCVX4Cng","ODA3WDE2MDA=/z/cPYAAOSwPCVX4Cng"
"401191659789","SOL-Rum-Seljuqen-3-Br-Kaykaus-Qilij-Arslan-Kayqubad-Dirham-Konya-654-H-PM473-","26. Sep. 2016 22:54:48 MESZ","EUR 20,00","","","","","","401191659789o.jpg","401191659789r.jpg","","","Nzk5WDE2MDA=/z/rH0AAOSwTA9X4CnY","Nzk5WDE2MDA=/z/rH0AAOSwTA9X4CnY"
"391566924787","SOL-Rum-Seljuqen-3-Br-Kaykaus-Qilij-Arslan-Kayqubad-Dirham-Konya-653-H-PM371-","26. Sep. 2016 22:51:05 MESZ","EUR 20,50","","","","","","391566924787o.jpg","391566924787r.jpg","","","NzkyWDE2MDA=/z/hs4AAOSwLnBX4CnN","NzkyWDE2MDA=/z/hs4AAOSwLnBX4CnN"
"401191659035","SOL-Rum-Seljuqen-3-Br-Kaykaus-Qilij-Arslan-Kayqubad-Dirham-Konya-650-H-PM465-","26. Sep. 2016 22:45:11 MESZ","EUR 23,50","","","","","","401191659035o.jpg","401191659035r.jpg","","","NzgzWDE2MDA=/z/HLcAAOSwmfhX4Cm8","NzgzWDE2MDA=/z/HLcAAOSwmfhX4Cm8"
"401191658812","SOL-Rum-Seljuqen-3-Br-Kaykaus-Qilij-Arslan-Kayqubad-Dirham-Konya-649-H-PM480-","26. Sep. 2016 22:42:33 MESZ","EUR 19,00","","","","","","401191658812o.jpg","401191658812r.jpg","","","Nzg0WDE2MDA=/z/5NUAAOSwzaJX4Cmw","Nzg0WDE2MDA=/z/5NUAAOSwzaJX4Cmw"
"391566924368","SOL-Rum-Seljuqen-Izz-ad-Din-Kaykaus-II-Dirham-Konya-646-H-PM289-","26. Sep. 2016 22:39:33 MESZ","EUR 26,00","","","","","","391566924368o.jpg","391566924368r.jpg","","","Nzk5WDE2MDA=/z/4wkAAOSwzaJX4Cml","Nzk5WDE2MDA=/z/4wkAAOSwzaJX4Cml"
